day,market_cap
2010-10-18,48.325
2010-10-19,46.0512
2010-10-20,48.3538
2010-10-21,47.7781
2010-10-22,45.6195
2010-10-25,46.0512
2010-10-26,45.5331
2010-10-27,45.6195
2010-10-28,45.5187
2010-10-29,47.7925
2010-11-01,50.1814
2010-11-02,47.6774
2010-11-03,47.3176
2010-11-04,47.3752
2010-11-05,47.7637
2010-11-08,50.1526
2010-11-09,50.0519
2010-11-10,49.7353
2010-11-11,48.4977
2010-11-12,46.08
2010-11-15,45.6914
2010-11-16,43.4033
2010-11-17,41.59
2010-11-18,43.4896
2010-11-19,45.5907
2010-11-22,46.2958
2010-11-23,45.5619
2010-11-24,46.6268
2010-11-25,46.5261
2010-11-26,46.5261
2010-11-29,46.6556
2010-11-30,45.5475
2010-12-01,44.8711
2010-12-02,45.5907
2010-12-03,47.8645
2010-12-06,50.1526
2010-12-07,49.6489
2010-12-08,50.5556
2010-12-09,48.8718
2010-12-10,49.7929
2010-12-13,50.4405
2010-12-14,50.4692
2010-12-15,52.9877
2010-12-16,54.4699
2010-12-17,57.0028
2010-12-20,57.305
2010-12-21,58.8592
2010-12-22,58.7153
2010-12-23,57.5064
2010-12-24,60.3846
2010-12-27,63.4067
2010-12-28,63.4067
2010-12-29,63.4067
2010-12-30,63.4067
2010-12-31,65.3351
2011-01-04,64.9754
2011-01-05,66.7598
2011-01-06,65.3783
2011-01-07,63.968
2011-01-10,65.0761
2011-01-11,61.9964
2011-01-12,63.1765
2011-01-13,61.7518
2011-01-14,59.7514
2011-01-17,58.5426
2011-01-18,60.2263
2011-01-19,61.0754
2011-01-20,58.0245
2011-01-21,57.56399999999999
2011-01-24,55.7795
2011-01-25,52.9877
2011-01-26,50.3397
2011-01-27,47.8213
2011-01-28,50.2102
2011-01-31,52.7142
2011-02-01,55.3478
2011-02-09,58.1109
2011-02-10,59.8522
2011-02-11,62.8455
2011-02-14,63.3348
2011-02-15,63.5507
2011-02-16,66.6159
2011-02-17,66.7023
2011-02-18,63.3636
2011-02-21,64.3709
2011-02-22,61.4064
2011-02-23,63.1621
2011-02-24,62.1403
2011-02-25,64.04
2011-02-28,64.6875
2011-03-01,66.803
2011-03-02,66.7311
2011-03-03,66.9181
2011-03-04,66.7023
2011-03-07,68.0694
2011-03-08,68.1989
2011-03-09,67.6377
2011-03-10,67.7816
2011-03-11,67.7816
2011-03-14,69.2351
2011-03-15,67.6521
2011-03-16,67.9255
2011-03-17,65.623
2011-03-18,67.4938
2011-03-21,68.5731
2011-03-22,68.5156
2011-03-23,68.5875
2011-03-24,67.9255
2011-03-25,67.5514
2011-03-28,65.3351
2011-03-29,63.9824
2011-03-30,62.4282
2011-03-31,63.0758
2011-04-01,63.7521
2011-04-06,63.4787
2011-04-07,63.0326
2011-04-08,64.7451
2011-04-11,65.4071
2011-04-12,65.9108
2011-04-13,68.0694
2011-04-14,71.4801
2011-04-15,75.0491
2011-04-18,75.0491
2011-04-19,74.8188
2011-04-20,73.8258
2011-04-21,72.9624
2011-04-22,72.2284
2011-04-25,70.6598
2011-04-26,70.7318
2011-04-27,73.2214
2011-04-28,71.7247
2011-04-29,72.2716
2011-05-03,72.5306
2011-05-04,72.6602
2011-05-05,71.8255
2011-05-06,70.7174
2011-05-09,72.6602
2011-05-10,296.8758
2011-05-11,292.4345
2011-05-12,288.1662
2011-05-13,291.1655
2011-05-16,291.1655
2011-05-17,281.2447
2011-05-18,275.246
2011-05-19,269.0743
2011-05-20,272.2467
2011-05-23,266.248
2011-05-24,260.7108
2011-05-25,268.1514
2011-05-26,266.075
2011-05-27,260.7108
2011-05-30,248.5981
2011-05-31,247.4445
2011-06-01,259.8456
2011-06-02,264.2869
2011-06-03,271.6699
2011-06-07,271.6699
2011-06-08,271.6699
2011-06-09,268.2668
2011-06-10,268.2668
2011-06-13,278.3607
2011-06-14,271.9006
2011-06-15,265.8443
2011-06-16,252.9818
2011-06-17,256.8463
2011-06-20,249.34799999999998
2011-06-21,249.34799999999998
2011-06-22,249.34799999999998
2011-06-23,249.34799999999998
2011-06-24,249.34799999999998
2011-06-27,266.3057
2011-06-28,269.3627
2011-06-29,265.6712
2011-06-30,266.9402
2011-07-01,262.4989
2011-07-04,264.2869
2011-07-05,259.5572
2011-07-06,254.5968
2011-07-07,259.5572
2011-07-08,251.7705
2011-07-11,255.8081
2011-07-12,251.5398
2011-07-13,253.6739
2011-07-14,261.8067
2011-07-15,262.2681
2011-07-18,257.9422
2011-07-19,253.6739
2011-07-20,251.3667
2011-07-21,250.9053
2011-07-22,251.5975
2011-07-25,245.3681
2011-07-26,250.9053
2011-07-27,252.5203
2011-07-28,249.7517
2011-07-29,249.8671
2011-08-01,250.7899
2011-08-02,249.8671
2011-08-03,248.2521
2011-08-04,256.6732
2011-08-05,253.1548
2011-08-08,241.5036
2011-08-09,242.2534
2011-08-10,251.4821
2011-08-11,258.9804
2011-08-12,282.629
2011-08-15,271.9583
2011-08-16,269.9395
2011-08-17,270.8047
2011-08-18,261.1722
2011-08-19,257.5961
2011-08-22,253.2125
2011-08-23,257.5384
2011-08-24,258.1729
2011-08-25,261.0569
2011-08-26,267.517
2011-08-29,265.4405
2011-08-30,265.4405
2011-08-31,261.2299
2011-09-01,259.2111
2011-09-02,256.0965
2011-09-05,246.7524
2011-09-06,243.1186
2011-09-07,248.0213
2011-09-08,243.4647
2011-09-09,245.7718
2011-09-13,248.4828
2011-09-14,252.8664
2011-09-15,251.3091
2011-09-16,256.6732
2011-09-19,254.9429
2011-09-20,252.0012
2011-09-21,257.7115
2011-09-22,247.7329
2011-09-23,243.9838
2011-09-26,238.0428
2011-09-27,240.0039
2011-09-28,238.1005
2011-09-29,226.3916
2011-09-30,232.3902
2011-10-10,241.3882
2011-10-11,240.35
2011-10-12,244.9067
2011-10-13,248.3674
2011-10-14,243.8684
2011-10-17,244.7913
2011-10-18,238.6773
2011-10-19,237.1199
2011-10-20,227.3721
2011-10-21,230.0831
2011-10-24,237.9851
2011-10-25,237.9851
2011-10-26,241.6766
2011-10-27,243.0032
2011-10-28,244.4452
2011-10-31,242.5995
2011-11-01,237.8121
2011-11-02,240.523
2011-11-03,241.4459
2011-11-04,242.4264
2011-11-07,238.4466
2011-11-08,247.3292
2011-11-09,249.4633
2011-11-10,247.7329
2011-11-11,246.5217
2011-11-14,249.7517
2011-11-15,250.8476
2011-11-16,241.6766
2011-11-17,241.0421
2011-11-18,242.1957
2011-11-21,243.7531
2011-11-22,239.1387
2011-11-23,237.46599999999998
2011-11-24,232.967
2011-11-25,229.5639
2011-11-28,224.2574
2011-11-29,225.238
2011-11-30,225.238
2011-12-01,225.5264
2011-12-02,212.7792
2011-12-05,200.8396
2011-12-06,200.6666
2011-12-07,202.8007
2011-12-08,199.513
2011-12-09,193.8027
2011-12-12,189.07299999999998
2011-12-13,175.9221
2011-12-14,168.5968
2011-12-15,165.5398
2011-12-16,173.9033
2011-12-19,184.574
2011-12-20,184.5163
2011-12-21,176.9603
2011-12-22,175.9221
2011-12-23,174.9416
2011-12-26,171.9999
2011-12-27,166.8665
2011-12-28,169.9235
2011-12-29,169.1736
2011-12-30,174.1341
2012-01-04,176.4989
2012-01-05,185.2085
2012-01-06,185.2085
2012-01-09,203.7236
2012-01-10,209.3762
2012-01-11,211.2219
2012-01-12,209.3762
2012-01-13,201.8778
2012-01-16,202.3969
2012-01-17,212.7216
2012-01-18,208.3379
2012-01-19,207.9342
2012-01-20,201.0703
2012-01-30,205.3386
2012-01-31,203.6082
2012-02-01,201.301
2012-02-02,203.6082
2012-02-03,205.0502
2012-02-06,219.7008
2012-02-07,213.8751
2012-02-08,219.9315
2012-02-09,217.9127
2012-02-10,220.7967
2012-02-13,224.7189
2012-02-14,226.7953
2012-02-15,226.7953
2012-02-16,228.3527
2012-02-17,229.5639
2012-02-20,239.3694
2012-02-21,240.8114
2012-02-22,241.2729
2012-02-23,237.3507
2012-02-24,239.8309
2012-02-27,240.4077
2012-02-28,240.8691
2012-02-29,240.1769
2012-03-01,239.081
2012-03-02,242.9456
2012-03-05,252.6934
2012-03-06,252.6934
2012-03-07,259.4995
2012-03-08,267.5746
2012-03-09,269.0166
2012-03-12,264.2292
2012-03-13,264.2292
2012-03-14,248.7135
2012-03-15,248.8289
2012-03-16,249.4056
2012-03-19,258.8651
2012-03-20,272.5928
2012-03-21,268.1514
2012-03-22,268.2091
2012-03-23,262.4412
2012-03-26,256.4425
2012-03-27,235.4472
2012-03-28,240.7537
2012-03-29,242.0227
2012-03-30,241.2152
2012-04-05,244.4452
2012-04-06,234.6397
2012-04-09,220.3352
2012-04-10,220.3352
2012-04-11,242.3688
2012-04-12,244.6759
2012-04-13,249.1749
2012-04-16,246.7524
2012-04-17,242.4841
2012-04-18,243.6377
2012-04-19,239.4848
2012-04-20,239.9462
2012-04-23,236.6008
2012-04-24,231.8711
2012-04-25,227.7182
2012-04-26,227.7182
2012-04-27,237.0623
2012-05-02,239.2541
2012-05-03,236.9469
2012-05-04,238.2158
2012-05-07,232.1018
2012-05-08,229.4486
2012-05-09,226.5646
2012-05-10,226.5646
2012-05-11,229.1025
2012-05-14,225.8725
2012-05-15,220.1045
2012-05-16,216.9898
2012-05-17,217.1052
2012-05-18,206.8383
2012-05-21,203.7236
2012-05-22,208.2226
2012-05-23,205.3386
2012-05-24,201.0703
2012-05-25,201.301
2012-05-28,201.7625
2012-05-29,214.4519
2012-05-30,210.6451
2012-05-31,210.0683
2012-06-01,215.8362
2012-06-04,208.3379
2012-06-05,203.6082
2012-06-06,199.4553
2012-06-07,198.6478
2012-06-08,195.3024
2012-06-11,199.5707
2012-06-12,199.8014
2012-06-13,207.1843
2012-06-14,207.1843
2012-06-15,207.5304
2012-06-18,208.7994
2012-06-19,205.1079
2012-06-20,205.6847
2012-06-21,205.3386
2012-06-25,205.3386
2012-06-26,192.4184
2012-06-27,194.9563
2012-06-28,195.7638
2012-06-29,191.8416
2012-07-02,195.0717
2012-07-03,194.6102
2012-07-04,200.3782
2012-07-05,195.0717
2012-07-06,197.6096
2012-07-09,190.9188
2012-07-10,188.1501
2012-07-11,183.5358
2012-07-12,186.6505
2012-07-13,167.9624
2012-07-16,158.1569
2012-07-17,156.7726
2012-07-18,153.6579
2012-07-19,154.9268
2012-07-20,156.7726
2012-07-23,157.1186
2012-07-24,155.5036
2012-07-25,152.3889
2012-07-26,152.2736
2012-07-27,155.7343
2012-07-30,160.118
2012-07-31,162.1944
2012-08-01,161.5023
2012-08-02,161.6176
2012-08-03,162.3098
2012-08-06,164.2709
2012-08-07,174.0764
2012-08-08,173.3842
2012-08-09,173.4996
2012-08-10,179.729
2012-08-13,171.4231
2012-08-14,170.1542
2012-08-15,168.1931
2012-08-16,165.4245
2012-08-17,163.8094
2012-08-20,163.5787
2012-08-21,165.5398
2012-08-22,164.7323
2012-08-23,164.3862
2012-08-24,159.7719
2012-08-27,152.5043
2012-08-28,152.3889
2012-08-29,154.2347
2012-08-30,150.7739
2012-08-31,150.5432
2012-09-03,151.3507
2012-09-04,145.8135
2012-09-05,145.006
2012-09-06,145.5828
2012-09-07,153.4272
2012-09-10,157.1186
2012-09-11,153.3118
2012-09-12,153.4272
2012-09-13,152.3889
2012-09-14,153.0811
2012-09-17,148.0053
2012-09-18,140.507
2012-09-19,142.0066
2012-09-20,135.4312
2012-09-21,134.9698
2012-09-24,134.393
2012-09-25,132.3165
2012-09-26,127.4714
2012-09-27,130.5861
2012-09-28,133.0087
2012-10-08,135.8926
2012-10-09,140.1609
2012-10-10,140.2763
2012-10-11,138.7766
2012-10-12,142.4681
2012-10-15,136.8155
2012-10-16,135.7773
2012-10-17,136.8155
2012-10-18,139.6995
2012-10-19,138.7766
2012-10-22,138.5459
2012-10-23,137.7384
2012-10-24,140.507
2012-10-25,137.9691
2012-10-26,132.0858
2012-10-29,129.3172
2012-10-30,128.7404
2012-10-31,128.3943
2012-11-01,130.5861
2012-11-02,130.4708
2012-11-05,129.894
2012-11-06,128.8557
2012-11-07,128.8557
2012-11-08,123.6646
2012-11-09,122.6264
2012-11-12,122.0496
2012-11-13,116.397
2012-11-14,118.2427
2012-11-15,114.4359
2012-11-16,113.51299999999999
2012-11-19,107.7451
2012-11-20,106.4761
2012-11-21,108.4372
2012-11-22,111.4366
2012-11-23,107.7451
2012-11-26,105.4379
2012-11-27,106.5915
2012-11-28,112.3594
2012-11-29,109.8215
2012-11-30,107.6297
2012-12-03,107.1683
2012-12-04,109.2447
2012-12-05,113.9745
2012-12-06,115.3588
2012-12-07,117.0891
2012-12-10,119.0502
2012-12-11,119.0502
2012-12-12,117.4352
2012-12-13,117.2045
2012-12-14,121.1267
2012-12-17,123.78
2012-12-18,121.1267
2012-12-19,121.4728
2012-12-20,120.6653
2012-12-21,116.8584
2012-12-24,117.4352
2012-12-25,121.2421
2012-12-26,129.0865
2012-12-27,125.6257
2012-12-28,126.0871
2012-12-31,128.5097
2013-01-04,126.0871
2013-01-07,129.6632
2013-01-08,133.3547
2013-01-09,132.0858
2013-01-10,132.0858
2013-01-11,127.9329
2013-01-14,131.7397
2013-01-15,135.5465
2013-01-16,133.7008
2013-01-17,132.4319
2013-01-18,134.1622
2013-01-21,134.739
2013-01-22,130.3554
2013-01-23,131.1629
2013-01-24,126.7793
2013-01-25,124.3567
2013-01-28,128.625
2013-01-29,127.5868
2013-01-30,125.5103
2013-01-31,126.8946
2013-02-01,126.0871
2013-02-04,128.8557
2013-02-05,128.0482
2013-02-06,130.5861
2013-02-07,130.5861
2013-02-08,133.5854
2013-02-18,136.2387
2013-02-19,133.4701
2013-02-20,135.2005
2013-02-21,129.5479
2013-02-22,131.9704
2013-02-25,140.3916
2013-02-26,139.4687
2013-02-27,134.9698
2013-02-28,136.4694
2013-03-01,135.4312
2013-03-04,128.7404
2013-03-05,129.7786
2013-03-06,130.9322
2013-03-07,129.0865
2013-03-08,127.7022
2013-03-11,122.2803
2013-03-12,116.7431
2013-03-13,128.3943
2013-03-14,126.4332
2013-03-15,123.8953
2013-03-18,117.4352
2013-03-19,121.2421
2013-03-20,122.1649
2013-03-21,122.7417
2013-03-22,122.3956
2013-03-25,120.2038
2013-03-26,117.4352
2013-03-27,117.2045
2013-03-28,112.7055
2013-03-29,112.9362
2013-04-01,112.9362
2013-04-02,110.7444
2013-04-03,106.2454
2013-04-08,104.7458
2013-04-09,107.9758
2013-04-10,107.399
2013-04-11,107.6297
2013-04-12,103.2461
2013-04-15,99.4393
2013-04-16,101.6311
2013-04-17,101.285
2013-04-18,101.5157
2013-04-19,103.1307
2013-04-22,103.2461
2013-04-23,99.9007
2013-04-24,100.4775
2013-04-25,99.9007
2013-04-26,96.9014
2013-05-02,94.0174
2013-05-03,94.9403
2013-05-06,96.786
2013-05-07,97.4782
2013-05-08,97.8242
2013-05-09,98.1703
2013-05-10,99.0932
2013-05-13,98.40100000000001
2013-05-14,94.9403
2013-05-15,95.6324
2013-05-16,96.4399
2013-05-17,98.1703
2013-05-20,100.5928
2013-05-21,100.8236
2013-05-22,101.1696
2013-05-23,99.7853
2013-05-24,101.0543
2013-05-27,101.1696
2013-05-28,103.7075
2013-05-29,104.3997
2013-05-30,104.6304
2013-05-31,105.8993
2013-06-03,104.515
2013-06-04,99.2085
2013-06-05,97.7089
2013-06-06,97.7089
2013-06-07,94.4788
2013-06-13,87.9034
2013-06-14,88.3648
2013-06-17,87.788
2013-06-18,88.3648
2013-06-19,85.1348
2013-06-20,84.6733
2013-06-21,89.8645
2013-06-24,93.2099
2013-06-25,102.3232
2013-06-26,105.0918
2013-06-27,101.285
2013-06-28,99.3239
2013-07-01,102.7847
2013-07-02,101.9771
2013-07-03,104.3997
2013-07-04,102.5539
2013-07-05,97.8242
2013-07-08,88.0187
2013-07-09,88.0187
2013-07-10,89.8645
2013-07-11,91.2488
2013-07-12,88.5955
2013-07-15,88.9416
2013-07-16,91.9409
2013-07-17,90.9027
2013-07-18,90.5566
2013-07-19,85.9423
2013-07-22,85.9423
2013-07-23,87.5573
2013-07-24,86.8651
2013-07-25,87.6727
2013-07-26,85.9423
2013-07-29,82.2508
2013-07-30,83.5197
2013-07-31,82.8276
2013-08-01,83.4044
2013-08-02,83.7505
2013-08-05,84.6733
2013-08-06,85.4808
2013-08-07,85.7116
2013-08-08,85.7116
2013-08-09,85.8269
2013-08-12,89.057
2013-08-13,89.8645
2013-08-14,88.9416
2013-08-15,87.5573
2013-08-16,86.17299999999999
2013-08-19,87.4419
2013-08-20,87.2112
2013-08-21,88.3648
2013-08-22,92.0563
2013-08-23,94.1328
2013-08-26,94.8249
2013-08-27,94.8249
2013-08-28,92.6331
2013-08-29,93.3252
2013-08-30,94.1328
2013-09-02,95.8631
2013-09-03,96.3246
2013-09-04,97.0167
2013-09-05,98.0549
2013-09-06,99.3239
2013-09-09,102.4386
2013-09-10,106.3608
2013-09-11,101.1696
2013-09-12,103.5922
2013-09-13,100.7082
2013-09-16,98.40100000000001
2013-09-17,98.7471
2013-09-18,100.2468
2013-09-23,100.5928
2013-09-24,99.2085
2013-09-25,96.6706
2013-09-26,97.1321
2013-09-27,96.2092
2013-09-30,95.7478
2013-10-08,96.6706
2013-10-09,96.5553
2013-10-10,95.8631
2013-10-11,98.8625
2013-10-14,98.8625
2013-10-15,98.40100000000001
2013-10-16,96.9014
2013-10-17,96.3246
2013-10-18,95.8631
2013-10-21,96.6706
2013-10-22,99.3239
2013-10-23,96.786
2013-10-24,95.7478
2013-10-25,96.6706
2013-10-28,102.0925
2013-10-29,110.7444
2013-10-30,111.3212
2013-10-31,104.6304
2013-11-01,98.2857
2013-11-04,98.5164
2013-11-05,101.0543
2013-11-06,102.2079
2013-11-07,97.8242
2013-11-08,96.6706
2013-11-11,95.7478
2013-11-12,95.4017
2013-11-13,89.5184
2013-11-14,89.40299999999999
2013-11-15,90.3259
2013-11-18,92.4024
2013-11-19,92.6331
2013-11-20,91.5949
2013-11-21,92.4024
2013-11-22,93.3252
2013-11-25,91.8256
2013-11-26,91.7102
2013-11-27,92.287
2013-11-28,92.7484
2013-11-29,92.8638
2013-12-02,89.6338
2013-12-03,90.67200000000001
2013-12-04,91.1334
2013-12-05,92.0563
2013-12-06,91.9409
2013-12-09,92.1717
2013-12-10,93.4406
2013-12-11,91.1334
2013-12-12,91.3641
2013-12-13,92.0563
2013-12-16,89.8645
2013-12-17,89.5184
2013-12-18,89.2877
2013-12-19,88.1341
2013-12-20,85.0194
2013-12-23,85.2501
2013-12-24,85.4808
2013-12-25,85.5962
2013-12-26,83.6351
2013-12-27,85.1348
2013-12-30,85.2501
2013-12-31,86.2884
2014-01-02,88.4802
2014-01-03,86.0576
2014-01-06,83.4044
2014-01-07,82.8276
2014-01-08,81.3279
2014-01-09,81.4433
2014-01-10,77.6364
2014-01-13,75.7907
2014-01-14,76.9443
2014-01-15,77.6364
2014-01-16,77.4057
2014-01-17,76.2521
2014-01-20,76.2521
2014-01-21,78.6747
2014-01-22,83.1737
2014-01-23,84.4426
2014-01-24,83.8658
2014-01-27,84.55799999999999
2014-01-28,86.0576
2014-01-29,83.289
2014-01-30,81.5586
2014-02-07,81.0972
2014-02-10,82.8276
2014-02-11,83.1737
2014-02-12,83.8658
2014-02-13,80.8665
2014-02-14,81.9047
2014-02-17,82.1354
2014-02-18,83.5197
2014-02-19,87.9034
2014-02-20,96.6706
2014-02-21,89.5184
2014-02-24,86.5191
2014-02-25,88.4802
2014-02-26,94.9403
2014-02-27,94.8249
2014-02-28,92.0563
2014-03-03,96.9014
2014-03-04,95.5171
2014-03-05,92.4024
2014-03-06,92.0563
2014-03-07,93.902
2014-03-10,86.9805
2014-03-11,87.5573
2014-03-12,81.3279
2014-03-13,81.4433
2014-03-14,80.2897
2014-03-17,82.0201
2014-03-18,81.3279
2014-03-19,83.5197
2014-03-20,81.9047
2014-03-21,82.8276
2014-03-24,82.943
2014-03-25,83.289
2014-03-26,84.6733
2014-03-27,82.4815
2014-03-28,80.9819
2014-03-31,79.7129
2014-04-01,81.4433
2014-04-02,81.4433
2014-04-03,81.0972
2014-04-04,80.7511
2014-04-08,81.3279
2014-04-09,82.8276
2014-04-10,82.4815
2014-04-11,82.5969
2014-04-14,83.0583
2014-04-15,80.8665
2014-04-16,80.9819
2014-04-17,81.4433
2014-04-18,81.3279
2014-04-21,79.4822
2014-04-22,77.9825
2014-04-23,77.2904
2014-04-24,77.2904
2014-04-25,75.2139
2014-04-28,71.9839
2014-04-29,73.0221
2014-04-30,72.9067
2014-05-05,72.5607
2014-05-06,73.3682
2014-05-07,72.9067
2014-05-08,72.7914
2014-05-09,72.0992
2014-05-12,74.4064
2014-05-13,76.0214
2014-05-14,74.291
2014-05-15,74.9832
2014-05-16,75.7907
2014-05-19,71.4071
2014-05-20,71.061
2014-05-21,73.0221
2014-05-22,71.8685
2014-05-23,71.7532
2014-05-26,72.676
2014-05-27,71.4071
2014-05-28,70.7149
2014-05-29,71.4071
2014-05-30,70.9456
2014-06-03,78.0979
2014-06-04,85.9423
2014-06-05,84.904
2014-06-06,80.059
2014-06-09,81.2126
2014-06-10,81.2126
2014-06-11,80.5204
2014-06-12,80.4051
2014-06-13,83.289
2014-06-16,82.943
2014-06-17,79.1361
2014-06-18,80.9819
2014-06-19,73.7142
2014-06-20,73.3682
2014-06-23,73.1375
2014-06-24,73.5989
2014-06-25,73.945
2014-06-26,76.4829
2014-06-27,75.7907
2014-06-30,76.0214
2014-07-01,75.3293
2014-07-02,76.7136
2014-07-03,76.1368
2014-07-04,75.56
2014-07-07,74.291
2014-07-08,74.0603
2014-07-09,73.7142
2014-07-10,73.945
2014-07-11,74.291
2014-07-14,74.9832
2014-07-15,76.2521
2014-07-16,76.1368
2014-07-17,78.5593
2014-07-18,77.0597
2014-07-21,76.9443
2014-07-22,77.9825
2014-07-23,79.0208
2014-07-24,77.2904
2014-07-25,77.9825
2014-07-28,79.1361
2014-07-29,79.1361
2014-07-30,81.2126
2014-07-31,80.6358
2014-08-01,78.5593
2014-08-04,80.1743
2014-08-05,82.2508
2014-08-06,81.9047
2014-08-07,81.5586
2014-08-08,82.5969
2014-08-11,83.7505
2014-08-12,83.289
2014-08-13,82.7122
2014-08-14,82.0201
2014-08-15,82.943
2014-08-18,84.6733
2014-08-19,86.6344
2014-08-20,86.0576
2014-08-21,86.4037
2014-08-22,87.5573
2014-08-25,85.9423
2014-08-26,89.9798
2014-08-27,96.5553
2014-08-28,97.9396
2014-08-29,97.4782
2014-09-01,97.5935
2014-09-02,94.7095
2014-09-03,94.0174
2014-09-04,94.3635
2014-09-05,93.902
2014-09-09,93.902
2014-09-10,95.7478
2014-09-11,94.2481
2014-09-12,94.5942
2014-09-15,95.5171
2014-09-16,90.4413
2014-09-17,90.9027
2014-09-18,92.0563
2014-09-19,92.7484
2014-09-22,93.7867
2014-09-23,96.0938
2014-09-24,95.5171
2014-09-25,94.1328
2014-09-26,93.0945
2014-09-29,91.1334
2014-09-30,91.7102
2014-10-08,92.6331
2014-10-09,92.287
2014-10-10,94.4788
2014-10-13,95.5171
2014-10-14,92.5177
2014-10-15,98.8625
2014-10-16,91.8256
2014-10-17,86.9805
2014-10-20,87.788
2014-10-21,86.17299999999999
2014-10-22,84.7887
2014-10-23,80.5204
2014-10-24,80.5204
2014-10-27,79.9436
2014-10-28,82.2508
2014-10-29,83.289
2014-10-30,83.4044
2014-10-31,84.0965
2014-11-03,85.1348
2014-11-04,85.1348
2014-11-05,85.4808
2014-11-06,86.6344
2014-11-07,87.3266
2014-11-10,86.2884
2014-11-11,82.2508
2014-11-12,83.0583
2014-11-13,82.1354
2014-11-14,82.4815
2014-11-17,82.943
2014-11-18,83.1737
2014-11-19,83.0583
2014-11-20,82.943
2014-11-21,83.1737
2014-11-24,84.4426
2014-11-25,85.3655
2014-11-26,85.7116
2014-11-27,85.4808
2014-11-28,88.1341
2014-12-01,85.9423
2014-12-02,86.7498
2014-12-03,89.2877
2014-12-04,91.8256
2014-12-05,88.1341
2014-12-08,88.3648
2014-12-09,83.5197
2014-12-10,86.0576
2014-12-11,88.5955
2014-12-12,89.057
2014-12-15,91.8256
2014-12-16,91.1334
2014-12-17,89.057
2014-12-18,92.0563
2014-12-19,93.4406
2014-12-22,92.8638
2014-12-23,95.2863
2014-12-24,100.3621
2014-12-25,100.7082
2014-12-26,100.2468
2014-12-29,108.4372
2014-12-30,104.6304
2014-12-31,104.169
2015-01-05,108.7833
2015-01-06,105.4379
2015-01-07,103.7075
2015-01-08,100.016
2015-01-09,99.2085
2015-01-12,97.1321
2015-01-13,97.9396
2015-01-14,96.9014
2015-01-15,98.40100000000001
2015-01-16,103.4768
2015-01-19,99.3239
2015-01-20,102.7847
2015-01-21,105.0918
2015-01-22,105.2072
2015-01-23,104.515
2015-01-26,105.4379
2015-01-27,104.2843
2015-01-28,101.4004
2015-01-29,100.3621
2015-01-30,101.285
2015-02-02,101.8618
2015-02-03,108.0912
2015-02-04,109.2447
2015-02-05,107.2836
2015-02-06,110.1676
2015-02-09,114.0898
2015-02-10,111.7826
2015-02-11,111.2058
2015-02-12,110.5137
2015-02-13,109.8215
2015-02-16,113.9745
2015-02-17,117.8967
2015-02-25,118.8195
2015-02-26,120.5499
2015-02-27,125.0489
2015-03-02,125.0489
2015-03-03,126.2025
2015-03-04,127.9329
2015-03-05,122.1649
2015-03-06,118.3581
2015-03-09,119.281
2015-03-10,118.9349
2015-03-11,117.0891
2015-03-12,119.5117
2015-03-13,118.2427
2015-03-16,119.7424
2015-03-17,124.0107
2015-03-18,124.126
2015-03-19,127.1254
2015-03-20,124.9335
2015-03-23,125.9718
2015-03-24,121.0113
2015-03-25,118.5888
2015-03-26,120.2038
2015-03-27,120.3192
2015-03-30,123.4339
2015-03-31,126.2025
2015-04-01,126.8946
2015-04-02,132.0858
2015-04-03,138.6612
2015-04-07,147.5439
2015-04-08,154.4654
2015-04-09,150.7739
2015-04-10,153.5425
2015-04-13,153.3118
2015-04-14,148.6974
2015-04-15,153.4272
2015-04-16,159.7719
2015-04-17,159.4258
2015-04-20,152.2736
2015-04-21,161.3869
2015-04-22,164.5016
2015-04-23,163.6941
2015-04-24,168.7699
2015-04-27,176.9603
2015-04-28,169.5774
2015-04-29,172.8074
2015-04-30,169.6927
2015-05-04,164.963
2015-05-05,159.3105
2015-05-06,150.5432
2015-05-07,154.35
2015-05-08,155.8497
2015-05-11,158.5029
2015-05-12,161.733
2015-05-13,164.3862
2015-05-14,161.5023
2015-05-15,152.3889
2015-05-18,149.9664
2015-05-19,153.5425
2015-05-20,154.1193
2015-05-21,159.7719
2015-05-22,165.3091
2015-05-25,173.4996
2015-05-26,179.6136
2015-05-27,180.7672
2015-05-28,172.4614
2015-05-29,173.0381
2015-06-01,190.342
2015-06-02,203.0314
2015-06-03,209.2608
2015-06-04,218.0281
2015-06-05,213.183
2015-06-08,204.5311
2015-06-09,209.7222
2015-06-10,208.7994
2015-06-11,206.7229
2015-06-12,213.5291
2015-06-15,202.57
2015-06-16,195.0717
2015-06-17,200.8396
2015-06-18,194.3795
2015-06-19,174.9992
2015-06-23,173.7303
2015-06-24,177.5371
2015-06-25,165.5398
2015-06-26,149.0435
2015-06-29,134.1622
2015-06-30,147.1978
2015-07-01,138.6612
2015-07-02,125.8564
2015-07-03,116.2816
2015-07-06,116.9738
2015-07-07,105.3226
2015-07-08,104.169
2015-07-09,114.5513
2015-07-10,125.9718
2015-07-13,138.5459
2015-07-14,131.2783
2015-07-15,118.1274
2015-07-16,122.7417
2015-07-17,130.24
2015-07-20,129.7786
2015-07-21,138.4305
2015-07-22,136.8155
2015-07-23,142.8141
2015-07-24,137.0462
2015-07-27,123.3185
2015-07-28,121.3574
2015-07-29,127.2407
2015-07-30,120.2038
2015-07-31,121.1267
2015-08-03,121.1267
2015-08-04,121.1267
2015-08-05,121.1267
2015-08-06,126.4332
2015-08-07,130.24
2015-08-10,135.5465
2015-08-11,136.3541
2015-08-12,134.393
2015-08-13,137.5076
2015-08-14,138.1998
2015-08-17,137.3923
2015-08-18,123.6646
2015-08-19,124.7028
2015-08-20,118.4734
2015-08-21,107.399
2015-08-24,96.6706
2015-08-25,87.0959
2015-08-26,86.9805
2015-08-27,91.1334
2015-08-28,97.7089
2015-08-31,97.4782
2015-09-01,89.1723
2015-09-02,84.4426
2015-09-07,85.5962
2015-09-08,91.1334
2015-09-09,94.5942
2015-09-10,91.9409
2015-09-11,92.8638
2015-09-14,83.7505
2015-09-15,79.1361
2015-09-16,85.9423
2015-09-17,85.4156
2015-09-18,86.8139
2015-09-21,89.02799999999999
2015-09-22,90.7759
2015-09-23,87.9792
2015-09-24,89.7271
2015-09-25,84.5999
2015-09-28,86.4643
2015-09-29,83.4346
2015-09-30,84.2503
2015-10-08,87.8627
2015-10-09,90.8924
2015-10-12,97.3015
2015-10-13,101.7296
2015-10-14,99.166
2015-10-15,100.5643
2015-10-16,100.9139
2015-10-19,98.2337
2015-10-20,99.7486
2015-10-21,90.7759
2015-10-22,92.8734
2015-10-23,96.8354
2015-10-26,99.8651
2015-10-27,100.5643
2015-10-28,98.8164
2015-10-29,101.2635
2015-10-30,100.0982
2015-11-02,104.9924
2015-11-03,106.5073
2015-11-04,125.9112
2015-11-05,124.2132
2015-11-06,124.2132
2015-11-09,124.2132
2015-11-10,124.2132
2015-11-11,136.6215
2015-11-12,130.6133
2015-11-13,130.7439
2015-11-16,132.9643
2015-11-17,134.7929
2015-11-18,131.2663
2015-11-19,131.6582
2015-11-20,144.8501
2015-11-23,152.1645
2015-11-24,157.1278
2015-11-25,157.7808
2015-11-26,156.4747
2015-11-27,140.8011
2015-11-30,136.3603
2015-12-01,135.9684
2015-12-02,139.8868
2015-12-03,141.4542
2015-12-04,137.4052
2015-12-07,143.4134
2015-12-08,139.2337
2015-12-09,138.4501
2015-12-10,136.4909
2015-12-11,131.1357
2015-12-14,139.6256
2015-12-15,138.9725
2015-12-16,143.9358
2015-12-17,144.4583
2015-12-18,145.3726
2015-12-21,146.2869
2015-12-22,148.3767
2015-12-23,144.4583
2015-12-24,152.4257
2015-12-25,154.7767
2015-12-28,147.0705
2015-12-29,146.9399
2015-12-30,149.0297
2015-12-31,145.1113
2016-01-04,131.2663
2016-01-05,133.8786
2016-01-06,140.2787
2016-01-07,128.1316
2016-01-08,133.8786
2016-01-11,130.6133
2016-01-12,123.0377
2016-01-13,110.7601
2016-01-14,117.5519
2016-01-15,116.8989
2016-01-18,116.3764
2016-01-19,121.3397
2016-01-20,116.3764
2016-01-21,112.458
2016-01-22,114.5478
2016-01-25,123.8214
2016-01-26,113.7642
2016-01-27,115.2009
2016-01-28,114.0254
2016-01-29,120.4254
2016-02-01,120.0336
2016-02-02,124.2132
2016-02-03,124.0826
2016-02-04,131.1357
2016-02-05,132.3112
2016-02-15,135.5766
2016-02-16,145.3726
2016-02-17,144.3277
2016-02-18,140.4093
2016-02-19,143.2828
2016-02-22,143.6746
2016-02-23,155.1686
2016-02-24,159.3482
2016-02-25,143.4134
2016-02-26,156.0829
2016-02-29,162.3523
2016-03-01,160.9155
2016-03-02,172.6707
2016-03-03,169.6666
2016-03-04,161.5686
2016-03-07,167.9687
2016-03-08,173.0626
2016-03-09,155.8216
2016-03-10,147.2012
2016-03-11,145.1113
2016-03-14,145.5032
2016-03-15,147.593
2016-03-16,141.7154
2016-03-17,148.5073
2016-03-18,153.8624
2016-03-21,154.3849
2016-03-22,157.1278
2016-03-23,154.9073
2016-03-24,144.4583
2016-03-25,144.8501
2016-03-28,143.2828
2016-03-29,139.8868
2016-03-30,147.8542
2016-03-31,148.6379
2016-04-01,155.691
2016-04-05,156.2135
2016-04-06,156.7359
2016-04-07,152.1645
2016-04-08,146.5481
2016-04-11,152.8175
2016-04-12,150.8583
2016-04-13,166.0095
2016-04-14,163.6584
2016-04-15,163.6584
2016-04-18,155.03799999999998
2016-04-19,155.2992
2016-04-20,147.2012
2016-04-21,154.1237
2016-04-22,149.944
2016-04-25,155.2992
2016-04-26,159.6094
2016-04-27,155.5604
2016-04-28,152.4257
2016-04-29,149.4216
2016-05-03,153.34
2016-05-04,154.9073
2016-05-05,153.8624
2016-05-06,146.9399
2016-05-09,134.6623
2016-05-10,134.4011
2016-05-11,130.352
2016-05-12,131.5276
2016-05-13,128.9153
2016-05-16,132.3112
2016-05-17,136.099
2016-05-18,131.5276
2016-05-19,130.6133
2016-05-20,131.9194
2016-05-23,132.1806
2016-05-24,126.8255
2016-05-25,127.6092
2016-05-26,129.69899999999998
2016-05-27,126.5643
2016-05-30,123.6908
2016-05-31,127.8704
2016-06-01,128.1316
2016-06-02,129.69899999999998
2016-06-03,128.9153
2016-06-06,128.2622
2016-06-07,126.303
2016-06-08,126.8255
2016-06-13,120.1642
2016-06-14,120.556
2016-06-15,123.2989
2016-06-16,122.3846
2016-06-17,122.1234
2016-06-20,123.2989
2016-06-21,121.2091
2016-06-22,126.6949
2016-06-23,126.5643
2016-06-24,126.4336
2016-06-27,127.3479
2016-06-28,129.5684
2016-06-29,128.7847
2016-06-30,128.9153
2016-07-01,127.6092
2016-07-04,131.5276
2016-07-05,133.2255
2016-07-06,133.2255
2016-07-07,135.5766
2016-07-08,135.0541
2016-07-11,135.8378
2016-07-12,137.1439
2016-07-13,140.0174
2016-07-14,146.9399
2016-07-15,144.0664
2016-07-18,141.1929
2016-07-19,139.6256
2016-07-20,140.5399
2016-07-21,140.0174
2016-07-22,141.5848
2016-07-25,138.1888
2016-07-26,139.3644
2016-07-27,134.0092
2016-07-28,137.1439
2016-07-29,135.3153
2016-08-01,138.4501
2016-08-02,141.9766
2016-08-03,141.7154
2016-08-04,140.7464
2016-08-05,139.5735
2016-08-08,139.8342
2016-08-09,141.2677
2016-08-10,142.9619
2016-08-11,140.4858
2016-08-12,142.3103
2016-08-15,147.1321
2016-08-16,147.7838
2016-08-17,147.2625
2016-08-18,145.6986
2016-08-19,146.2199
2016-08-22,142.0496
2016-08-23,144.0045
2016-08-24,146.3502
2016-08-25,146.8715
2016-08-26,150.7811
2016-08-29,151.8237
2016-08-30,150.3902
2016-08-31,150.3902
2016-09-01,150.5205
2016-09-02,148.305
2016-09-05,149.6082
2016-09-06,152.4753
2016-09-07,157.4275
2016-09-08,156.3849
2016-09-09,158.861
2016-09-12,158.9913
2016-09-13,157.5578
2016-09-14,156.2546
2016-09-19,156.6456
2016-09-20,155.21200000000002
2016-09-21,154.6908
2016-09-22,154.4301
2016-09-23,154.6908
2016-09-26,152.2147
2016-09-27,152.9966
2016-09-28,152.345
2016-09-29,156.3849
2016-09-30,156.5152
2016-10-10,158.0791
2016-10-11,159.3823
2016-10-12,156.6456
2016-10-13,156.5152
2016-10-14,157.1668
2016-10-17,153.5179
2016-10-18,195.1949
2016-10-19,193.899
2016-10-20,198.4346
2016-10-21,198.4346
2016-10-24,202.1603
2016-10-25,205.72400000000002
2016-10-26,201.9983
2016-10-27,200.0545
2016-10-28,199.8925
2016-10-31,203.2942
2016-11-01,202.8083
2016-11-02,200.0545
2016-11-03,199.8925
2016-11-04,196.8147
2016-11-07,199.4065
2016-11-08,198.7586
2016-11-09,196.0048
2016-11-10,199.5685
2016-11-11,219.493
2016-11-14,213.4994
2016-11-15,212.3655
2016-11-16,207.5059
2016-11-17,207.8299
2016-11-18,208.8018
2016-11-21,214.3094
2016-11-22,216.2532
2016-11-23,219.9789
2016-11-24,225.6485
2016-11-25,223.3807
2016-11-28,223.3807
2016-11-29,219.9789
2016-11-30,215.7673
2016-12-01,225.3245
2016-12-02,223.7046
2016-12-05,227.4304
2016-12-06,233.7479
2016-12-07,232.452
2016-12-08,230.6701
2016-12-09,239.9034
2016-12-12,237.9595
2016-12-13,250.5946
2016-12-14,247.0308
2016-12-15,244.925
2016-12-16,239.0935
2016-12-19,238.1215
2016-12-20,226.7824
2016-12-21,236.5017
2016-12-22,236.6636
2016-12-23,234.0718
2016-12-26,242.0092
2016-12-27,244.925
2016-12-28,242.4952
2016-12-29,241.3613
2016-12-30,243.4671
2017-01-03,244.763
2017-01-04,250.5946
2017-01-05,250.5946
2017-01-06,245.7349
2017-01-09,252.0525
2017-01-10,242.9812
2017-01-11,230.5081
2017-01-12,235.6917
2017-01-13,230.8321
2017-01-16,228.4023
2017-01-17,224.5146
2017-01-18,225.9725
2017-01-19,220.3029
2017-01-20,225.6485
2017-01-23,232.614
2017-01-24,234.3958
2017-01-25,236.1777
2017-01-26,235.8537
2017-02-03,240.3894
2017-02-06,245.41099999999997
2017-02-07,242.1712
2017-02-08,242.0092
2017-02-09,241.0373
2017-02-10,240.5513
2017-02-13,250.1086
2017-02-14,249.9466
2017-02-15,247.0308
2017-02-16,249.6226
2017-02-17,247.3548
2017-02-20,250.2706
2017-02-21,245.08700000000002
2017-02-22,247.8408
2017-02-23,246.8689
2017-02-24,243.9531
2017-02-27,236.5017
2017-02-28,241.1993
2017-03-01,240.7133
2017-03-02,240.2274
2017-03-03,241.3613
2017-03-06,242.9812
2017-03-07,251.0805
2017-03-08,247.5168
2017-03-09,245.57299999999998
2017-03-10,245.08700000000002
2017-03-13,240.7133
2017-03-14,242.1712
2017-03-15,238.6075
2017-03-16,242.1712
2017-03-17,241.1993
2017-03-20,242.9812
2017-03-21,239.7414
2017-03-22,230.1841
2017-03-23,230.9941
2017-03-24,221.4368
2017-03-27,217.0632
2017-03-28,218.845
2017-03-29,216.9012
2017-03-30,221.2748
2017-03-31,222.8947
2017-04-05,227.5923
2017-04-06,225.6485
2017-04-07,223.2187
2017-04-10,224.1906
2017-04-11,226.7824
2017-04-12,223.0567
2017-04-13,226.7824
2017-04-14,223.5427
2017-04-17,216.5772
2017-04-18,219.331
2017-04-19,218.3591
2017-04-20,220.6269
2017-04-21,218.5211
2017-04-24,219.655
2017-04-25,221.5988
2017-04-26,214.7953
2017-04-27,215.4433
2017-04-28,214.7953
2017-05-02,216.7392
2017-05-03,216.4152
2017-05-04,216.5772
2017-05-05,209.7737
2017-05-08,207.5059
2017-05-09,207.6679
2017-05-10,203.2942
2017-05-11,198.1106
2017-05-12,194.3849
2017-05-15,196.6527
2017-05-16,208.9638
2017-05-17,207.6679
2017-05-18,209.1258
2017-05-19,214.7953
2017-05-22,221.4368
2017-05-23,217.0632
2017-05-24,218.845
2017-05-25,222.0848
2017-05-26,220.4649
2017-05-31,227.2684
2017-06-01,215.2813
2017-06-02,218.683
2017-06-05,216.0912
2017-06-06,216.7392
2017-06-07,220.3029
2017-06-08,215.1193
2017-06-09,213.3375
2017-06-12,211.3936
2017-06-13,213.8234
2017-06-14,215.6053
2017-06-15,214.4714
2017-06-16,211.7176
2017-06-19,211.7176
2017-06-20,211.8796
2017-06-21,219.331
2017-06-22,218.683
2017-06-23,223.2187
2017-06-26,224.5146
2017-06-27,227.6474
2017-06-28,230.6146
2017-06-29,230.9443
2017-06-30,234.7356
2017-07-03,245.4504
2017-07-04,247.5933
2017-07-05,247.7582
2017-07-06,250.2308
2017-07-07,258.8026
2017-07-10,262.0995
2017-07-11,263.7479
2017-07-12,264.9018
2017-07-13,266.2205
2017-07-14,270.6713
2017-07-17,270.0119
2017-07-18,270.0119
2017-07-19,270.6713
2017-07-20,278.254
2017-07-21,278.9134
2017-07-24,267.7041
2017-07-25,268.6932
2017-07-26,269.0229
2017-07-27,260.1214
2017-07-28,265.0666
2017-07-31,276.9353
2017-08-01,269.1877
2017-08-02,273.6384
2017-08-03,273.8033
2017-08-04,270.3416
2017-08-07,267.2096
2017-08-08,265.2315
2017-08-09,266.7151
2017-08-10,260.45099999999996
2017-08-11,255.5058
2017-08-14,260.6159
2017-08-15,252.2089
2017-08-16,253.8574
2017-08-17,257.319
2017-08-18,255.8355
2017-08-21,257.1542
2017-08-22,253.5277
2017-08-23,255.3409
2017-08-24,261.9346
2017-08-25,262.0995
2017-08-28,263.9127
2017-08-29,264.5721
2017-08-30,273.9681
2017-08-31,271.3306
2017-09-01,275.6166
2017-09-04,276.7705
2017-09-05,274.9572
2017-09-06,275.2869
2017-09-07,272.6494
2017-09-08,271.8252
2017-09-11,267.5393
2017-09-12,269.8471
2017-09-13,274.133
2017-09-14,280.397
2017-09-15,271.8252
2017-09-18,276.2759
2017-09-19,267.5393
2017-09-20,268.6932
2017-09-21,268.5283
2017-09-22,265.3963
2017-09-25,266.2205
2017-09-26,268.6932
2017-09-27,270.8361
2017-09-28,271.3306
2017-09-29,270.3416
2017-10-09,264.2424
2017-10-10,269.0229
2017-10-11,260.9456
2017-10-12,261.2753
2017-10-13,261.6049
2017-10-16,260.45099999999996
2017-10-17,260.2862
2017-10-18,255.6706
2017-10-19,256.33
2017-10-20,256.33
2017-10-23,265.2315
2017-10-24,268.1986
2017-10-25,270.3416
2017-10-26,260.6159
2017-10-27,257.1542
2017-10-30,254.5167
2017-10-31,254.5167
2017-11-01,251.8792
2017-11-02,249.7363
2017-11-03,244.6262
2017-11-06,241.8239
2017-11-07,247.0988
2017-11-08,254.3519
2017-11-09,253.0331
2017-11-10,255.1761
2017-11-13,254.6816
2017-11-14,259.9565
2017-11-15,254.3519
2017-11-16,271.99
2017-11-17,271.1658
2017-11-20,279.4079
2017-11-21,275.6166
2017-11-22,273.4736
2017-11-23,272.1549
2017-11-24,273.6384
2017-11-27,275.2869
2017-11-28,300.6726
2017-11-29,308.7499
2017-11-30,295.5625
2017-12-01,294.0789
2017-12-04,296.3867
2017-12-05,290.7821
2017-12-06,298.2
2017-12-07,273.4736
2017-12-08,284.1884
2017-12-11,285.1774
2017-12-12,283.529
2017-12-13,294.2437
2017-12-14,303.9695
2017-12-15,296.7164
2017-12-18,301.1671
2017-12-19,318.1459
2017-12-20,318.1459
2017-12-21,321.7724
2017-12-22,340.3996
2017-12-25,346.1691
2017-12-26,337.92699999999996
2017-12-27,353.7519
2017-12-28,354.7409
2017-12-29,355.5651
2018-01-02,391.1711
2018-01-03,403.86400000000003
2018-01-04,428.7552
2018-01-05,428.7552
2018-01-08,428.7552
2018-01-09,428.7552
2018-01-10,428.7552
2018-01-11,428.7552
2018-01-12,428.7552
2018-01-15,428.7552
2018-01-16,428.7552
2018-01-17,428.7552
2018-01-18,428.7552
2018-01-19,428.7552
2018-01-22,428.7552
2018-01-23,428.7552
2018-01-24,428.7552
2018-01-25,428.7552
2018-01-26,428.7552
2018-01-29,428.7552
2018-01-30,428.7552
2018-01-31,428.7552
2018-02-01,428.7552
2018-02-02,428.7552
2018-02-05,428.7552
2018-02-06,428.7552
2018-02-07,428.7552
2018-02-08,428.7552
2018-02-09,428.7552
2018-02-12,428.7552
2018-02-13,428.7552
2018-02-14,428.7552
2018-02-22,428.7552
2018-02-23,428.7552
2018-02-26,428.7552
2018-02-27,428.7552
2018-02-28,428.7552
2018-03-01,428.7552
2018-03-02,428.7552
2018-03-05,428.7552
2018-03-06,428.7552
2018-03-07,428.7552
2018-03-08,428.7552
2018-03-09,428.7552
2018-03-12,428.7552
2018-03-13,428.7552
2018-03-14,428.7552
2018-03-15,428.7552
2018-03-16,428.7552
2018-03-19,428.7552
2018-03-20,428.7552
2018-03-21,428.7552
2018-03-22,428.7552
2018-03-23,428.7552
2018-03-26,428.7552
2018-03-27,428.7552
2018-03-28,428.7552
2018-03-29,428.7552
2018-03-30,428.7552
2018-04-02,428.7552
2018-04-03,385.8961
2018-04-04,356.0597
2018-04-09,337.4325
2018-04-10,361.3346
2018-04-11,359.1917
2018-04-12,352.7628
2018-04-13,356.2245
2018-04-16,339.9051
2018-04-17,343.0371
2018-04-18,340.3996
2018-04-19,347.8175
2018-04-20,335.9489
2018-04-23,334.6301
2018-04-24,342.7074
2018-04-25,344.6855
2018-04-26,329.1903
2018-04-27,333.1466
2018-05-02,351.9386
2018-05-03,359.851
2018-05-04,368.4228
2018-05-07,390.3469
2018-05-08,391.0063
2018-05-09,384.9071
2018-05-10,379.4673
2018-05-11,382.4345
2018-05-14,384.5774
2018-05-15,392.4898
2018-05-16,384.0829
2018-05-17,396.4461
2018-05-18,416.7217
2018-05-21,422.8208
2018-05-22,432.8762
2018-05-23,413.4248
2018-05-24,401.787
2018-05-25,399.9407
2018-05-28,399.9407
2018-05-29,392.325
2018-05-30,383.0938
2018-05-31,383.3246
2018-06-01,374.0934
2018-06-04,379.1706
2018-06-05,375.0165
2018-06-06,374.3242
2018-06-07,372.478
2018-06-08,393.0173
2018-06-11,388.8633
2018-06-12,389.5556
2018-06-13,391.8634
2018-06-14,393.0173
2018-06-15,393.7097
2018-06-19,373.8626
2018-06-20,370.401
2018-06-21,343.3998
2018-06-22,340.8612
2018-06-25,334.6301
2018-06-26,339.2457
2018-06-27,339.015
2018-06-28,334.6301
2018-06-29,343.3998
2018-07-02,341.3227
2018-07-03,336.0148
2018-07-04,334.8609
2018-07-05,311.5522
2018-07-06,301.8595
2018-07-09,323.5527
2018-07-10,326.7836
2018-07-11,329.3222
2018-07-12,337.3995
2018-07-13,351.9386
2018-07-16,350.7847
2018-07-17,347.5538
2018-07-18,345.0152
2018-07-19,350.7847
2018-07-20,350.7847
2018-07-23,357.2465
2018-07-24,382.1707
2018-07-25,378.0167
2018-07-26,368.3239
2018-07-27,369.7086
2018-07-30,377.3243
2018-07-31,375.2473
2018-08-01,373.4011
2018-08-02,378.709
2018-08-03,389.7864
2018-08-06,350.7847
2018-08-07,363.4776
2018-08-08,340.1689
2018-08-09,364.6315
2018-08-10,386.094
2018-08-13,397.6329
2018-08-14,402.4793
2018-08-15,391.1711
2018-08-16,387.9402
2018-08-17,373.8626
2018-08-20,390.4788
2018-08-21,395.7867
2018-08-22,388.171
2018-08-23,384.9401
2018-08-24,387.9402
2018-08-27,389.0941
2018-08-28,408.4796
2018-08-29,403.1716
2018-08-30,387.4786
2018-08-31,387.2479
2018-09-03,384.9401
2018-09-04,384.4785
2018-09-05,373.6319
2018-09-06,374.0934
2018-09-07,374.7858
2018-09-10,371.7856
2018-09-11,364.8622
2018-09-12,363.9391
2018-09-13,363.9391
2018-09-14,366.7085
2018-09-17,363.2468
2018-09-18,361.4006
2018-09-19,360.7082
2018-09-20,374.0934
2018-09-21,389.3249
2018-09-25,390.0172
2018-09-26,399.2484
2018-09-27,387.0171
2018-09-28,391.1711
2018-10-08,380.3245
2018-10-09,380.3245
2018-10-10,376.1704
2018-10-11,361.8621
2018-10-12,362.0929
2018-10-15,352.8617
2018-10-16,339.9381
2018-10-17,338.3226
2018-10-18,304.39799999999997
2018-10-19,320.5526
2018-10-22,324.2451
2018-10-23,311.5522
2018-10-24,294.7053
2018-10-25,294.7053
2018-10-26,294.7053
2018-10-29,294.7053
2018-10-30,294.7053
2018-10-31,294.7053
2018-11-01,294.7053
2018-11-02,315.2447
2018-11-05,309.2444
2018-11-06,300.0132
2018-11-07,286.3972
2018-11-08,288.9358
2018-11-09,293.0899
2018-11-12,294.7053
2018-11-13,299.2328
2018-11-14,295.08
2018-11-15,296.2336
2018-11-16,299.4635
2018-11-19,309.1534
2018-11-20,298.0793
2018-11-21,294.6186
2018-11-22,288.3894
2018-11-23,278.2381
2018-11-26,263.2418
2018-11-27,265.5489
2018-11-28,268.5482
2018-11-29,260.4733
2018-11-30,270.1632
2018-12-03,286.5437
2018-12-04,290.4658
2018-12-05,285.6209
2018-12-06,276.8538
2018-12-07,285.6209
2018-12-10,281.6988
2018-12-11,285.8516
2018-12-12,290.9272
2018-12-13,291.1579
2018-12-14,293.2343
2018-12-17,281.468
2018-12-18,282.8523
2018-12-19,274.5467
2018-12-20,276.8538
2018-12-21,272.9317
2018-12-24,270.8553
2018-12-25,265.5489
2018-12-26,265.0875
2018-12-27,302.7407
2018-12-28,302.7407
